gps_longitude,gps_latitude,timestamp,animal_id,species,study_name,activity
-122.3554461,47.75965224,2025-05-05 00:00:01,professor,human,hypothetical_example,home
-122.3558875,47.7598225,2025-05-05 00:15:01,professor,human,hypothetical_example,home
-122.3556573,47.75973149,2025-05-05 00:30:01,professor,human,hypothetical_example,home
-122.3557617,47.7598031,2025-05-05 00:45:01,professor,human,hypothetical_example,home
-122.3556469,47.75969763,2025-05-05 01:00:01,professor,human,hypothetical_example,home
-122.3557901,47.7598922,2025-05-05 01:15:01,professor,human,hypothetical_example,home
-122.355754,47.7597919,2025-05-05 01:30:01,professor,human,hypothetical_example,home
-122.3557115,47.7597921,2025-05-05 01:45:01,professor,human,hypothetical_example,home
-122.3555188,47.7596508,2025-05-05 02:00:01,professor,human,hypothetical_example,home
-122.3558372,47.75996878,2025-05-05 02:15:01,professor,human,hypothetical_example,home
-122.3554788,47.75964727,2025-05-05 02:30:01,professor,human,hypothetical_example,home
-122.3556213,47.75984321,2025-05-05 02:45:01,professor,human,hypothetical_example,home
-122.3557164,47.75995085,2025-05-05 03:00:01,professor,human,hypothetical_example,home
-122.3556473,47.75966874,2025-05-05 03:15:01,professor,human,hypothetical_example,home
-122.3556614,47.75974269,2025-05-05 03:30:01,professor,human,hypothetical_example,home
-122.355567,47.75976137,2025-05-05 03:45:01,professor,human,hypothetical_example,home
-122.3556778,47.75996034,2025-05-05 04:00:01,professor,human,hypothetical_example,home
-122.3557443,47.75976435,2025-05-05 04:15:01,professor,human,hypothetical_example,home
-122.3556972,47.75986374,2025-05-05 04:30:01,professor,human,hypothetical_example,home
-122.3554723,47.75971926,2025-05-05 04:45:01,professor,human,hypothetical_example,home
-122.3556455,47.75970413,2025-05-05 05:00:01,professor,human,hypothetical_example,home
-122.3557093,47.75951252,2025-05-05 05:15:01,professor,human,hypothetical_example,home
-122.3556071,47.75999713,2025-05-05 05:30:01,professor,human,hypothetical_example,home
-122.3557595,47.75974499,2025-05-05 05:45:01,professor,human,hypothetical_example,home
-122.3558088,47.75975866,2025-05-05 06:00:01,professor,human,hypothetical_example,home
-122.3555241,47.75965476,2025-05-05 06:15:01,professor,human,hypothetical_example,home
-122.3558983,47.75979391,2025-05-05 06:30:01,professor,human,hypothetical_example,home
-122.3557149,47.75974734,2025-05-05 06:45:01,professor,human,hypothetical_example,home
-122.35575,47.75986687,2025-05-05 07:00:01,professor,human,hypothetical_example,home
-122.3454434,47.74743444,2025-05-05 07:15:01,professor,human,hypothetical_example,to office
-122.3293577,47.69529141,2025-05-05 07:30:01,professor,human,hypothetical_example,to office
-122.3204805,47.67883991,2025-05-05 07:45:01,professor,human,hypothetical_example,to office
-122.3100476,47.65246104,2025-05-05 08:00:01,professor,human,hypothetical_example,office
-122.3103188,47.65233955,2025-05-05 08:15:01,professor,human,hypothetical_example,office
-122.3101412,47.6524985,2025-05-05 08:30:01,professor,human,hypothetical_example,office
-122.3098297,47.65212262,2025-05-05 08:45:01,professor,human,hypothetical_example,office
-122.3097401,47.65229911,2025-05-05 09:00:01,professor,human,hypothetical_example,office
-122.309973,47.65223951,2025-05-05 09:15:01,professor,human,hypothetical_example,office
-122.3101025,47.65247321,2025-05-05 09:30:01,professor,human,hypothetical_example,office
-122.3101876,47.65240747,2025-05-05 09:45:01,professor,human,hypothetical_example,office
-122.3099464,47.65243994,2025-05-05 10:00:01,professor,human,hypothetical_example,office
-122.309825,47.65218024,2025-05-05 10:15:01,professor,human,hypothetical_example,office
-122.3097667,47.65220605,2025-05-05 10:30:01,professor,human,hypothetical_example,office
-122.3102212,47.65249654,2025-05-05 10:45:01,professor,human,hypothetical_example,office
-122.3101889,47.65223579,2025-05-05 11:00:01,professor,human,hypothetical_example,office
-122.3100787,47.65242618,2025-05-05 11:15:01,professor,human,hypothetical_example,office
-122.3099054,47.65222137,2025-05-05 11:30:01,professor,human,hypothetical_example,office
-122.3099688,47.65237434,2025-05-05 11:45:01,professor,human,hypothetical_example,office
-122.3099785,47.65218825,2025-05-05 12:00:01,professor,human,hypothetical_example,office
-122.3284419,47.62110952,2025-05-05 12:15:01,professor,human,hypothetical_example,lunch
-122.3346055,47.60441553,2025-05-05 12:30:01,professor,human,hypothetical_example,lunch
-122.3194301,47.60300923,2025-05-05 12:45:01,professor,human,hypothetical_example,lunch
-122.3344517,47.60439274,2025-05-05 13:00:01,professor,human,hypothetical_example,lunch
-122.3284021,47.62115164,2025-05-05 13:15:01,professor,human,hypothetical_example,lunch
-122.3099687,47.65235304,2025-05-05 13:30:01,professor,human,hypothetical_example,office
-122.3098132,47.65208084,2025-05-05 13:45:01,professor,human,hypothetical_example,office
-122.3099135,47.65218989,2025-05-05 14:00:01,professor,human,hypothetical_example,office
-122.3101352,47.65240509,2025-05-05 14:15:01,professor,human,hypothetical_example,office
-122.3100499,47.65242187,2025-05-05 14:30:01,professor,human,hypothetical_example,office
-122.3103043,47.65231217,2025-05-05 14:45:01,professor,human,hypothetical_example,office
-122.3101503,47.65239581,2025-05-05 15:00:01,professor,human,hypothetical_example,office
-122.3098961,47.65220669,2025-05-05 15:15:01,professor,human,hypothetical_example,office
-122.3103213,47.65234696,2025-05-05 15:30:01,professor,human,hypothetical_example,office
-122.3099292,47.65221061,2025-05-05 15:45:01,professor,human,hypothetical_example,office
-122.3100255,47.65211677,2025-05-05 16:00:01,professor,human,hypothetical_example,office
-122.3101665,47.65234932,2025-05-05 16:15:01,professor,human,hypothetical_example,office
-122.3100681,47.65251976,2025-05-05 16:30:01,professor,human,hypothetical_example,office
-122.3101722,47.65221618,2025-05-05 16:45:01,professor,human,hypothetical_example,office
-122.3098067,47.65223742,2025-05-05 17:00:01,professor,human,hypothetical_example,office
-122.3099155,47.6521977,2025-05-05 17:15:01,professor,human,hypothetical_example,office
-122.3100171,47.65242975,2025-05-05 17:30:01,professor,human,hypothetical_example,office
-122.320627,47.67895414,2025-05-05 17:45:01,professor,human,hypothetical_example,to home
-122.3293671,47.6953453,2025-05-05 18:00:01,professor,human,hypothetical_example,to home
-122.3269259,47.738115,2025-05-05 18:15:01,professor,human,hypothetical_example,to home
-122.3558731,47.75982018,2025-05-05 18:30:01,professor,human,hypothetical_example,home
-122.3557891,47.75972205,2025-05-05 18:45:01,professor,human,hypothetical_example,home
-122.3557271,47.75974101,2025-05-05 19:00:01,professor,human,hypothetical_example,home
-122.3559525,47.75988689,2025-05-05 19:15:01,professor,human,hypothetical_example,home
-122.3555938,47.75967908,2025-05-05 19:30:01,professor,human,hypothetical_example,home
-122.3556551,47.75985493,2025-05-05 19:45:01,professor,human,hypothetical_example,home
-122.3556314,47.75979199,2025-05-05 20:00:01,professor,human,hypothetical_example,home
-122.3556808,47.75981089,2025-05-05 20:15:01,professor,human,hypothetical_example,home
-122.3555417,47.75976031,2025-05-05 20:30:01,professor,human,hypothetical_example,home
-122.3555195,47.75996154,2025-05-05 20:45:01,professor,human,hypothetical_example,home
-122.3557909,47.7596441,2025-05-05 21:00:01,professor,human,hypothetical_example,home
-122.355684,47.75982238,2025-05-05 21:15:01,professor,human,hypothetical_example,home
-122.3555024,47.75988577,2025-05-05 21:30:01,professor,human,hypothetical_example,home
-122.3558405,47.75972761,2025-05-05 21:45:01,professor,human,hypothetical_example,home
-122.3558947,47.75992568,2025-05-05 22:00:01,professor,human,hypothetical_example,home
-122.3556098,47.75965276,2025-05-05 22:15:01,professor,human,hypothetical_example,home
-122.3555545,47.75988779,2025-05-05 22:30:01,professor,human,hypothetical_example,home
-122.3556772,47.75979093,2025-05-05 22:45:01,professor,human,hypothetical_example,home
-122.3557871,47.75973789,2025-05-05 23:00:01,professor,human,hypothetical_example,home
-122.3554186,47.7597313,2025-05-05 23:15:01,professor,human,hypothetical_example,home
-122.3555141,47.75980996,2025-05-05 23:30:01,professor,human,hypothetical_example,home
-122.3555827,47.75980641,2025-05-05 23:45:01,professor,human,hypothetical_example,home
-122.3554024,47.75973277,2025-05-06 00:00:01,professor,human,hypothetical_example,home
-122.3555447,47.75996349,2025-05-06 00:15:01,professor,human,hypothetical_example,home
-122.3556777,47.75978936,2025-05-06 00:30:01,professor,human,hypothetical_example,home
-122.355498,47.7598233,2025-05-06 00:45:01,professor,human,hypothetical_example,home
-122.3556728,47.75965208,2025-05-06 01:00:01,professor,human,hypothetical_example,home
-122.3557521,47.75984662,2025-05-06 01:15:01,professor,human,hypothetical_example,home
-122.3556809,47.75971183,2025-05-06 01:30:01,professor,human,hypothetical_example,home
-122.3558772,47.75983726,2025-05-06 01:45:01,professor,human,hypothetical_example,home
-122.3557304,47.75977665,2025-05-06 02:00:01,professor,human,hypothetical_example,home
-122.3555226,47.75983606,2025-05-06 02:15:01,professor,human,hypothetical_example,home
-122.3558887,47.75985451,2025-05-06 02:30:01,professor,human,hypothetical_example,home
-122.3554619,47.75971357,2025-05-06 02:45:01,professor,human,hypothetical_example,home
-122.35564,47.75985034,2025-05-06 03:00:01,professor,human,hypothetical_example,home
-122.3557346,47.75980905,2025-05-06 03:15:01,professor,human,hypothetical_example,home
-122.3556773,47.75984456,2025-05-06 03:30:01,professor,human,hypothetical_example,home
-122.3557076,47.75978399,2025-05-06 03:45:01,professor,human,hypothetical_example,home
-122.3554648,47.75983955,2025-05-06 04:00:01,professor,human,hypothetical_example,home
-122.3556745,47.75977598,2025-05-06 04:15:01,professor,human,hypothetical_example,home
-122.3558761,47.7599009,2025-05-06 04:30:01,professor,human,hypothetical_example,home
-122.3554638,47.75969776,2025-05-06 04:45:01,professor,human,hypothetical_example,home
-122.3557831,47.76001379,2025-05-06 05:00:01,professor,human,hypothetical_example,home
-122.3557014,47.75974666,2025-05-06 05:15:01,professor,human,hypothetical_example,home
-122.3554842,47.75985739,2025-05-06 05:30:01,professor,human,hypothetical_example,home
-122.355627,47.75969849,2025-05-06 05:45:01,professor,human,hypothetical_example,home
-122.355925,47.75993815,2025-05-06 06:00:01,professor,human,hypothetical_example,home
-122.3556789,47.75983429,2025-05-06 06:15:01,professor,human,hypothetical_example,home
-122.3555234,47.75974555,2025-05-06 06:30:01,professor,human,hypothetical_example,home
-122.3558036,47.75994952,2025-05-06 06:45:01,professor,human,hypothetical_example,home
-122.3558325,47.75985835,2025-05-06 07:00:01,professor,human,hypothetical_example,home
-122.3268705,47.73784487,2025-05-06 07:15:01,professor,human,hypothetical_example,to office
-122.3222327,47.66145339,2025-05-06 07:30:01,professor,human,hypothetical_example,to office
-122.3205979,47.67879656,2025-05-06 07:45:01,professor,human,hypothetical_example,to office
-122.3101942,47.65250521,2025-05-06 08:00:01,professor,human,hypothetical_example,office
-122.3101863,47.65232358,2025-05-06 08:15:01,professor,human,hypothetical_example,office
-122.3101492,47.65235134,2025-05-06 08:30:01,professor,human,hypothetical_example,office
-122.3100971,47.65231841,2025-05-06 08:45:01,professor,human,hypothetical_example,office
-122.3102368,47.65240638,2025-05-06 09:00:01,professor,human,hypothetical_example,office
-122.3100221,47.65245402,2025-05-06 09:15:01,professor,human,hypothetical_example,office
-122.3099859,47.65229014,2025-05-06 09:30:01,professor,human,hypothetical_example,office
-122.3099184,47.6524403,2025-05-06 09:45:01,professor,human,hypothetical_example,office
-122.3102969,47.65243631,2025-05-06 10:00:01,professor,human,hypothetical_example,office
-122.3100127,47.65235418,2025-05-06 10:15:01,professor,human,hypothetical_example,office
-122.3101536,47.65234676,2025-05-06 10:30:01,professor,human,hypothetical_example,office
-122.3098362,47.65218751,2025-05-06 10:45:01,professor,human,hypothetical_example,office
-122.3099381,47.65219726,2025-05-06 11:00:01,professor,human,hypothetical_example,office
-122.3100172,47.65221491,2025-05-06 11:15:01,professor,human,hypothetical_example,office
-122.3104549,47.6523521,2025-05-06 11:30:01,professor,human,hypothetical_example,office
-122.3104586,47.6522178,2025-05-06 11:45:01,professor,human,hypothetical_example,office
-122.3104186,47.65237336,2025-05-06 12:00:01,professor,human,hypothetical_example,office
-122.3307228,47.60844299,2025-05-06 12:15:01,professor,human,hypothetical_example,lunch
-122.3274546,47.59909384,2025-05-06 12:30:01,professor,human,hypothetical_example,lunch
-122.319518,47.60297048,2025-05-06 12:45:01,professor,human,hypothetical_example,lunch
-122.3274242,47.59910019,2025-05-06 13:00:01,professor,human,hypothetical_example,lunch
-122.3306602,47.60832174,2025-05-06 13:15:01,professor,human,hypothetical_example,lunch
-122.3029883,47.66009984,2025-05-06 13:30:01,professor,human,hypothetical_example,lab
-122.302836,47.65991841,2025-05-06 13:45:01,professor,human,hypothetical_example,lab
-122.3031223,47.65998031,2025-05-06 14:00:01,professor,human,hypothetical_example,lab
-122.3029996,47.66011604,2025-05-06 14:15:01,professor,human,hypothetical_example,lab
-122.3027037,47.65996532,2025-05-06 14:30:01,professor,human,hypothetical_example,lab
-122.3029177,47.66007096,2025-05-06 14:45:01,professor,human,hypothetical_example,lab
-122.3031005,47.66009614,2025-05-06 15:00:01,professor,human,hypothetical_example,lab
-122.3028233,47.65992684,2025-05-06 15:15:01,professor,human,hypothetical_example,lab
-122.3030496,47.65996015,2025-05-06 15:30:01,professor,human,hypothetical_example,lab
-122.3029431,47.66008896,2025-05-06 15:45:01,professor,human,hypothetical_example,lab
-122.3029479,47.66007041,2025-05-06 16:00:01,professor,human,hypothetical_example,lab
-122.3031439,47.65999417,2025-05-06 16:15:01,professor,human,hypothetical_example,lab
-122.3029426,47.65990385,2025-05-06 16:30:01,professor,human,hypothetical_example,lab
-122.3027721,47.65990046,2025-05-06 16:45:01,professor,human,hypothetical_example,lab
-122.303003,47.66011742,2025-05-06 17:00:01,professor,human,hypothetical_example,lab
-122.3027907,47.66015993,2025-05-06 17:15:01,professor,human,hypothetical_example,lab
-122.3029066,47.65998347,2025-05-06 17:30:01,professor,human,hypothetical_example,lab
-122.3222339,47.6614461,2025-05-06 17:45:01,professor,human,hypothetical_example,to home
-122.3244891,47.7199552,2025-05-06 18:00:01,professor,human,hypothetical_example,to home
-122.3454582,47.74745575,2025-05-06 18:15:01,professor,human,hypothetical_example,to home
-122.3556297,47.75974412,2025-05-06 18:30:01,professor,human,hypothetical_example,home
-122.3557576,47.75988339,2025-05-06 18:45:01,professor,human,hypothetical_example,home
-122.3556545,47.75969237,2025-05-06 19:00:01,professor,human,hypothetical_example,home
-122.3558412,47.75997604,2025-05-06 19:15:01,professor,human,hypothetical_example,home
-122.3557087,47.75968848,2025-05-06 19:30:01,professor,human,hypothetical_example,home
-122.3558168,47.75978898,2025-05-06 19:45:01,professor,human,hypothetical_example,home
-122.3555215,47.75977696,2025-05-06 20:00:01,professor,human,hypothetical_example,home
-122.3554776,47.75975419,2025-05-06 20:15:01,professor,human,hypothetical_example,home
-122.3558219,47.75990023,2025-05-06 20:30:01,professor,human,hypothetical_example,home
-122.3556497,47.75985458,2025-05-06 20:45:01,professor,human,hypothetical_example,home
-122.3557466,47.75983957,2025-05-06 21:00:01,professor,human,hypothetical_example,home
-122.3557024,47.75973367,2025-05-06 21:15:01,professor,human,hypothetical_example,home
-122.3557539,47.75983176,2025-05-06 21:30:01,professor,human,hypothetical_example,home
-122.3557118,47.75986617,2025-05-06 21:45:01,professor,human,hypothetical_example,home
-122.3554944,47.75971923,2025-05-06 22:00:01,professor,human,hypothetical_example,home
-122.3555979,47.7595892,2025-05-06 22:15:01,professor,human,hypothetical_example,home
-122.3557414,47.75986431,2025-05-06 22:30:01,professor,human,hypothetical_example,home
-122.3557033,47.75982294,2025-05-06 22:45:01,professor,human,hypothetical_example,home
-122.355735,47.75980081,2025-05-06 23:00:01,professor,human,hypothetical_example,home
-122.3556806,47.75968481,2025-05-06 23:15:01,professor,human,hypothetical_example,home
-122.355893,47.75976552,2025-05-06 23:30:01,professor,human,hypothetical_example,home
-122.3556841,47.75981379,2025-05-06 23:45:01,professor,human,hypothetical_example,home
-122.3554367,47.75982365,2025-05-07 00:00:01,professor,human,hypothetical_example,home
-122.3554379,47.75961042,2025-05-07 00:15:01,professor,human,hypothetical_example,home
-122.3558039,47.75997176,2025-05-07 00:30:01,professor,human,hypothetical_example,home
-122.3555988,47.75973967,2025-05-07 00:45:01,professor,human,hypothetical_example,home
-122.3554926,47.75974685,2025-05-07 01:00:01,professor,human,hypothetical_example,home
-122.3556186,47.75972459,2025-05-07 01:15:01,professor,human,hypothetical_example,home
-122.3555997,47.75964283,2025-05-07 01:30:01,professor,human,hypothetical_example,home
-122.3555814,47.75998608,2025-05-07 01:45:01,professor,human,hypothetical_example,home
-122.3555918,47.75977499,2025-05-07 02:00:01,professor,human,hypothetical_example,home
-122.3557012,47.75984529,2025-05-07 02:15:01,professor,human,hypothetical_example,home
-122.3556864,47.75976329,2025-05-07 02:30:01,professor,human,hypothetical_example,home
-122.3557315,47.75973631,2025-05-07 02:45:01,professor,human,hypothetical_example,home
-122.3556253,47.75961453,2025-05-07 03:00:01,professor,human,hypothetical_example,home
-122.3555436,47.75998127,2025-05-07 03:15:01,professor,human,hypothetical_example,home
-122.3554979,47.759794,2025-05-07 03:30:01,professor,human,hypothetical_example,home
-122.3556976,47.75977928,2025-05-07 03:45:01,professor,human,hypothetical_example,home
-122.3556708,47.75978175,2025-05-07 04:00:01,professor,human,hypothetical_example,home
-122.3558407,47.75977801,2025-05-07 04:15:01,professor,human,hypothetical_example,home
-122.3555145,47.75981515,2025-05-07 04:30:01,professor,human,hypothetical_example,home
-122.3554304,47.75987883,2025-05-07 04:45:01,professor,human,hypothetical_example,home
-122.3554146,47.75965557,2025-05-07 05:00:01,professor,human,hypothetical_example,home
-122.3557436,47.75994022,2025-05-07 05:15:01,professor,human,hypothetical_example,home
-122.3555556,47.75969686,2025-05-07 05:30:01,professor,human,hypothetical_example,home
-122.35571,47.75966716,2025-05-07 05:45:01,professor,human,hypothetical_example,home
-122.3557071,47.75992597,2025-05-07 06:00:01,professor,human,hypothetical_example,home
-122.3556939,47.75980121,2025-05-07 06:15:01,professor,human,hypothetical_example,home
-122.3269541,47.73801524,2025-05-07 06:30:01,professor,human,hypothetical_example,home
-122.3220642,47.66147676,2025-05-07 06:45:01,professor,human,hypothetical_example,home
-122.3206433,47.67886767,2025-05-07 07:00:01,professor,human,hypothetical_example,home
-122.3241913,47.71992471,2025-05-07 07:15:01,professor,human,hypothetical_example,to office
-122.3133837,47.66115687,2025-05-07 07:30:01,professor,human,hypothetical_example,to office
-122.3291695,47.71132614,2025-05-07 07:45:01,professor,human,hypothetical_example,to office
-122.3102526,47.65242857,2025-05-07 08:00:01,professor,human,hypothetical_example,office
-122.3100321,47.65231174,2025-05-07 08:15:01,professor,human,hypothetical_example,office
-122.3102961,47.65230743,2025-05-07 08:30:01,professor,human,hypothetical_example,office
-122.3100891,47.65218829,2025-05-07 08:45:01,professor,human,hypothetical_example,office
-122.3099997,47.65237223,2025-05-07 09:00:01,professor,human,hypothetical_example,office
-122.3099047,47.65226991,2025-05-07 09:15:01,professor,human,hypothetical_example,office
-122.31001,47.65224591,2025-05-07 09:30:01,professor,human,hypothetical_example,office
-122.3102764,47.65226802,2025-05-07 09:45:01,professor,human,hypothetical_example,office
-122.3100253,47.65236884,2025-05-07 10:00:01,professor,human,hypothetical_example,office
-122.3102388,47.6522511,2025-05-07 10:15:01,professor,human,hypothetical_example,office
-122.3102439,47.65229371,2025-05-07 10:30:01,professor,human,hypothetical_example,office
-122.3097386,47.65229806,2025-05-07 10:45:01,professor,human,hypothetical_example,office
-122.3099142,47.6521866,2025-05-07 11:00:01,professor,human,hypothetical_example,office
-122.3098618,47.65219368,2025-05-07 11:15:01,professor,human,hypothetical_example,office
-122.310484,47.65224998,2025-05-07 11:30:01,professor,human,hypothetical_example,office
-122.3101873,47.65239229,2025-05-07 11:45:01,professor,human,hypothetical_example,office
-122.3105889,47.65230673,2025-05-07 12:00:01,professor,human,hypothetical_example,office
-122.323089,47.63860339,2025-05-07 12:15:01,professor,human,hypothetical_example,lunch
-122.3262195,47.60680593,2025-05-07 12:30:01,professor,human,hypothetical_example,lunch
-122.3260333,47.60686259,2025-05-07 12:45:01,professor,human,hypothetical_example,lunch
-122.3306251,47.60828453,2025-05-07 13:00:01,professor,human,hypothetical_example,lunch
-122.3286214,47.62107807,2025-05-07 13:15:01,professor,human,hypothetical_example,lunch
-122.3101831,47.65234035,2025-05-07 13:30:01,professor,human,hypothetical_example,office
-122.3100905,47.65234084,2025-05-07 13:45:01,professor,human,hypothetical_example,office
-122.3100317,47.65246411,2025-05-07 14:00:01,professor,human,hypothetical_example,office
-122.3100647,47.65233113,2025-05-07 14:15:01,professor,human,hypothetical_example,office
-122.3102269,47.65223724,2025-05-07 14:30:01,professor,human,hypothetical_example,office
-122.3097883,47.65227539,2025-05-07 14:45:01,professor,human,hypothetical_example,office
-122.3100507,47.65225633,2025-05-07 15:00:01,professor,human,hypothetical_example,office
-122.3101712,47.65234292,2025-05-07 15:15:01,professor,human,hypothetical_example,office
-122.3103558,47.65229943,2025-05-07 15:30:01,professor,human,hypothetical_example,office
-122.3100898,47.65240552,2025-05-07 15:45:01,professor,human,hypothetical_example,office
-122.3102891,47.65242863,2025-05-07 16:00:01,professor,human,hypothetical_example,office
-122.3101625,47.65216617,2025-05-07 16:15:01,professor,human,hypothetical_example,office
-122.3098748,47.65216257,2025-05-07 16:30:01,professor,human,hypothetical_example,office
-122.3099614,47.65216903,2025-05-07 16:45:01,professor,human,hypothetical_example,office
-122.3104842,47.65222462,2025-05-07 17:00:01,professor,human,hypothetical_example,office
-122.3104772,47.65226209,2025-05-07 17:15:01,professor,human,hypothetical_example,office
-122.3102323,47.65244094,2025-05-07 17:30:01,professor,human,hypothetical_example,office
-122.313604,47.66125515,2025-05-07 17:45:01,professor,human,hypothetical_example,to home
-122.3244046,47.71980098,2025-05-07 18:00:01,professor,human,hypothetical_example,to home
-122.3455984,47.7475444,2025-05-07 18:15:01,professor,human,hypothetical_example,to home
-122.3556521,47.75987018,2025-05-07 18:30:01,professor,human,hypothetical_example,home
-122.3554812,47.75973712,2025-05-07 18:45:01,professor,human,hypothetical_example,home
-122.3556814,47.75953941,2025-05-07 19:00:01,professor,human,hypothetical_example,home
-122.3557686,47.75998087,2025-05-07 19:15:01,professor,human,hypothetical_example,home
-122.3554369,47.75979057,2025-05-07 19:30:01,professor,human,hypothetical_example,home
-122.3557757,47.75975109,2025-05-07 19:45:01,professor,human,hypothetical_example,home
-122.3557223,47.75976712,2025-05-07 20:00:01,professor,human,hypothetical_example,home
-122.3556878,47.75965958,2025-05-07 20:15:01,professor,human,hypothetical_example,home
-122.3557467,47.75990726,2025-05-07 20:30:01,professor,human,hypothetical_example,home
-122.3556166,47.75963304,2025-05-07 20:45:01,professor,human,hypothetical_example,home
-122.3557921,47.75988895,2025-05-07 21:00:01,professor,human,hypothetical_example,home
-122.3553686,47.75980645,2025-05-07 21:15:01,professor,human,hypothetical_example,home
-122.3554844,47.7597987,2025-05-07 21:30:01,professor,human,hypothetical_example,home
-122.3556948,47.75977967,2025-05-07 21:45:01,professor,human,hypothetical_example,home
-122.3556326,47.75974318,2025-05-07 22:00:01,professor,human,hypothetical_example,home
-122.3554836,47.75973353,2025-05-07 22:15:01,professor,human,hypothetical_example,home
-122.3555377,47.75985023,2025-05-07 22:30:01,professor,human,hypothetical_example,home
-122.3556155,47.75976771,2025-05-07 22:45:01,professor,human,hypothetical_example,home
-122.3557713,47.75986328,2025-05-07 23:00:01,professor,human,hypothetical_example,home
-122.3556397,47.7597817,2025-05-07 23:15:01,professor,human,hypothetical_example,home
-122.3554963,47.759768,2025-05-07 23:30:01,professor,human,hypothetical_example,home
-122.3558898,47.75973467,2025-05-07 23:45:01,professor,human,hypothetical_example,home
-122.3554657,47.75990534,2025-05-08 00:00:01,professor,human,hypothetical_example,home
-122.3557371,47.75977364,2025-05-08 00:15:01,professor,human,hypothetical_example,home
-122.3556093,47.75995855,2025-05-08 00:30:01,professor,human,hypothetical_example,home
-122.3554571,47.75955508,2025-05-08 00:45:01,professor,human,hypothetical_example,home
-122.3556428,47.75976972,2025-05-08 01:00:01,professor,human,hypothetical_example,home
-122.3554678,47.75979417,2025-05-08 01:15:01,professor,human,hypothetical_example,home
-122.3554332,47.75978822,2025-05-08 01:30:01,professor,human,hypothetical_example,home
-122.3554844,47.75982167,2025-05-08 01:45:01,professor,human,hypothetical_example,home
-122.3558002,47.75990727,2025-05-08 02:00:01,professor,human,hypothetical_example,home
-122.3556244,47.75978727,2025-05-08 02:15:01,professor,human,hypothetical_example,home
-122.355686,47.75978616,2025-05-08 02:30:01,professor,human,hypothetical_example,home
-122.3556263,47.75984232,2025-05-08 02:45:01,professor,human,hypothetical_example,home
-122.3555256,47.75977316,2025-05-08 03:00:01,professor,human,hypothetical_example,home
-122.3556896,47.75983659,2025-05-08 03:15:01,professor,human,hypothetical_example,home
-122.355708,47.75982328,2025-05-08 03:30:01,professor,human,hypothetical_example,home
-122.3556602,47.75976649,2025-05-08 03:45:01,professor,human,hypothetical_example,home
-122.3555784,47.75983536,2025-05-08 04:00:01,professor,human,hypothetical_example,home
-122.3558666,47.7597461,2025-05-08 04:15:01,professor,human,hypothetical_example,home
-122.3557286,47.75969221,2025-05-08 04:30:01,professor,human,hypothetical_example,home
-122.3555767,47.75973495,2025-05-08 04:45:01,professor,human,hypothetical_example,home
-122.3558284,47.75967672,2025-05-08 05:00:01,professor,human,hypothetical_example,home
-122.3557259,47.75967298,2025-05-08 05:15:01,professor,human,hypothetical_example,home
-122.3556481,47.7598567,2025-05-08 05:30:01,professor,human,hypothetical_example,home
-122.3554981,47.75978461,2025-05-08 05:45:01,professor,human,hypothetical_example,home
-122.3557002,47.75990741,2025-05-08 06:00:01,professor,human,hypothetical_example,home
-122.3556499,47.7597747,2025-05-08 06:15:01,professor,human,hypothetical_example,home
-122.3268259,47.73788798,2025-05-08 06:30:01,professor,human,hypothetical_example,home
-122.3221461,47.66148918,2025-05-08 06:45:01,professor,human,hypothetical_example,home
-122.3205525,47.67899607,2025-05-08 07:00:01,professor,human,hypothetical_example,home
-122.3270727,47.73799848,2025-05-08 07:15:01,professor,human,hypothetical_example,to office
-122.3220723,47.66130029,2025-05-08 07:30:01,professor,human,hypothetical_example,to office
-122.3205593,47.67884022,2025-05-08 07:45:01,professor,human,hypothetical_example,to office
-122.3100853,47.65244455,2025-05-08 08:00:01,professor,human,hypothetical_example,office
-122.310108,47.65236737,2025-05-08 08:15:01,professor,human,hypothetical_example,office
-122.3099348,47.65246325,2025-05-08 08:30:01,professor,human,hypothetical_example,office
-122.3102309,47.6524067,2025-05-08 08:45:01,professor,human,hypothetical_example,office
-122.3100379,47.65215328,2025-05-08 09:00:01,professor,human,hypothetical_example,office
-122.3099211,47.65235984,2025-05-08 09:15:01,professor,human,hypothetical_example,office
-122.3098193,47.65241212,2025-05-08 09:30:01,professor,human,hypothetical_example,office
-122.3100708,47.65239403,2025-05-08 09:45:01,professor,human,hypothetical_example,office
-122.3101827,47.6523456,2025-05-08 10:00:01,professor,human,hypothetical_example,office
-122.3099742,47.6522864,2025-05-08 10:15:01,professor,human,hypothetical_example,office
-122.3101167,47.65242215,2025-05-08 10:30:01,professor,human,hypothetical_example,office
-122.3097836,47.65230236,2025-05-08 10:45:01,professor,human,hypothetical_example,office
-122.3100526,47.65218893,2025-05-08 11:00:01,professor,human,hypothetical_example,office
-122.3100539,47.65232396,2025-05-08 11:15:01,professor,human,hypothetical_example,office
-122.310551,47.65230264,2025-05-08 11:30:01,professor,human,hypothetical_example,office
-122.3105064,47.65245769,2025-05-08 11:45:01,professor,human,hypothetical_example,office
-122.3102899,47.65230092,2025-05-08 12:00:01,professor,human,hypothetical_example,office
-122.3344913,47.60443323,2025-05-08 12:15:01,professor,human,hypothetical_example,lunch
-122.3275727,47.59926084,2025-05-08 12:30:01,professor,human,hypothetical_example,lunch
-122.3194327,47.60293756,2025-05-08 12:45:01,professor,human,hypothetical_example,lunch
-122.3345107,47.60442553,2025-05-08 13:00:01,professor,human,hypothetical_example,lunch
-122.3284804,47.62123236,2025-05-08 13:15:01,professor,human,hypothetical_example,lunch
-122.3029853,47.6600998,2025-05-08 13:30:01,professor,human,hypothetical_example,lab
-122.3029847,47.66005827,2025-05-08 13:45:01,professor,human,hypothetical_example,lab
-122.3029431,47.66004152,2025-05-08 14:00:01,professor,human,hypothetical_example,lab
-122.3029782,47.6601952,2025-05-08 14:15:01,professor,human,hypothetical_example,lab
-122.3029451,47.66006379,2025-05-08 14:30:01,professor,human,hypothetical_example,lab
-122.3028668,47.66007504,2025-05-08 14:45:01,professor,human,hypothetical_example,lab
-122.3027656,47.6600202,2025-05-08 15:00:01,professor,human,hypothetical_example,lab
-122.3029256,47.66008389,2025-05-08 15:15:01,professor,human,hypothetical_example,lab
-122.3029516,47.66003074,2025-05-08 15:30:01,professor,human,hypothetical_example,lab
-122.3028901,47.66002905,2025-05-08 15:45:01,professor,human,hypothetical_example,lab
-122.302975,47.66010231,2025-05-08 16:00:01,professor,human,hypothetical_example,lab
-122.302875,47.66009203,2025-05-08 16:15:01,professor,human,hypothetical_example,lab
-122.303096,47.65996366,2025-05-08 16:30:01,professor,human,hypothetical_example,lab
-122.302955,47.66002723,2025-05-08 16:45:01,professor,human,hypothetical_example,lab
-122.302895,47.66016147,2025-05-08 17:00:01,professor,human,hypothetical_example,lab
-122.3029835,47.66001827,2025-05-08 17:15:01,professor,human,hypothetical_example,lab
-122.3029949,47.65991748,2025-05-08 17:30:01,professor,human,hypothetical_example,lab
-122.3221509,47.66148335,2025-05-08 17:45:01,professor,human,hypothetical_example,to home
-122.3242626,47.71977572,2025-05-08 18:00:01,professor,human,hypothetical_example,to home
-122.3455714,47.7475087,2025-05-08 18:15:01,professor,human,hypothetical_example,to home
-122.3557996,47.75967427,2025-05-08 18:30:01,professor,human,hypothetical_example,home
-122.3555666,47.75987088,2025-05-08 18:45:01,professor,human,hypothetical_example,home
-122.3557258,47.75984688,2025-05-08 19:00:01,professor,human,hypothetical_example,home
-122.3556396,47.75972569,2025-05-08 19:15:01,professor,human,hypothetical_example,home
-122.3555801,47.75966304,2025-05-08 19:30:01,professor,human,hypothetical_example,home
-122.3556596,47.75974665,2025-05-08 19:45:01,professor,human,hypothetical_example,home
-122.3556383,47.75980764,2025-05-08 20:00:01,professor,human,hypothetical_example,home
-122.3557449,47.75984347,2025-05-08 20:15:01,professor,human,hypothetical_example,home
-122.3555799,47.75986982,2025-05-08 20:30:01,professor,human,hypothetical_example,home
-122.3556556,47.75981673,2025-05-08 20:45:01,professor,human,hypothetical_example,home
-122.3556895,47.75978694,2025-05-08 21:00:01,professor,human,hypothetical_example,home
-122.3557946,47.75974573,2025-05-08 21:15:01,professor,human,hypothetical_example,home
-122.3557051,47.75978285,2025-05-08 21:30:01,professor,human,hypothetical_example,home
-122.3555841,47.75969347,2025-05-08 21:45:01,professor,human,hypothetical_example,home
-122.3556878,47.75976843,2025-05-08 22:00:01,professor,human,hypothetical_example,home
-122.3555554,47.7596816,2025-05-08 22:15:01,professor,human,hypothetical_example,home
-122.3555197,47.75980923,2025-05-08 22:30:01,professor,human,hypothetical_example,home
-122.3555379,47.7599279,2025-05-08 22:45:01,professor,human,hypothetical_example,home
-122.3557172,47.75967449,2025-05-08 23:00:01,professor,human,hypothetical_example,home
-122.3555792,47.75976767,2025-05-08 23:15:01,professor,human,hypothetical_example,home
-122.3557233,47.75981156,2025-05-08 23:30:01,professor,human,hypothetical_example,home
-122.3558402,47.7596866,2025-05-08 23:45:01,professor,human,hypothetical_example,home
-122.3555958,47.7598169,2025-05-09 00:00:01,professor,human,hypothetical_example,home
-122.3556308,47.7597428,2025-05-09 00:15:01,professor,human,hypothetical_example,home
-122.3555609,47.75981992,2025-05-09 00:30:01,professor,human,hypothetical_example,home
-122.3554267,47.75961022,2025-05-09 00:45:01,professor,human,hypothetical_example,home
-122.355466,47.75975555,2025-05-09 01:00:01,professor,human,hypothetical_example,home
-122.3557522,47.75979588,2025-05-09 01:15:01,professor,human,hypothetical_example,home
-122.3557589,47.75975303,2025-05-09 01:30:01,professor,human,hypothetical_example,home
-122.3557539,47.75979167,2025-05-09 01:45:01,professor,human,hypothetical_example,home
-122.3555779,47.75977348,2025-05-09 02:00:01,professor,human,hypothetical_example,home
-122.3556694,47.759857,2025-05-09 02:15:01,professor,human,hypothetical_example,home
-122.3557471,47.75987883,2025-05-09 02:30:01,professor,human,hypothetical_example,home
-122.3557048,47.75979246,2025-05-09 02:45:01,professor,human,hypothetical_example,home
-122.3558288,47.75972927,2025-05-09 03:00:01,professor,human,hypothetical_example,home
-122.3555555,47.75985802,2025-05-09 03:15:01,professor,human,hypothetical_example,home
-122.3556726,47.75967156,2025-05-09 03:30:01,professor,human,hypothetical_example,home
-122.3557696,47.75969617,2025-05-09 03:45:01,professor,human,hypothetical_example,home
-122.3556535,47.75979208,2025-05-09 04:00:01,professor,human,hypothetical_example,home
-122.3556864,47.75997246,2025-05-09 04:15:01,professor,human,hypothetical_example,home
-122.3555123,47.75993082,2025-05-09 04:30:01,professor,human,hypothetical_example,home
-122.3557134,47.75983598,2025-05-09 04:45:01,professor,human,hypothetical_example,home
-122.3557038,47.75980551,2025-05-09 05:00:01,professor,human,hypothetical_example,home
-122.35566,47.75967517,2025-05-09 05:15:01,professor,human,hypothetical_example,home
-122.3557439,47.75989772,2025-05-09 05:30:01,professor,human,hypothetical_example,home
-122.3555974,47.75967476,2025-05-09 05:45:01,professor,human,hypothetical_example,home
-122.3556984,47.75979675,2025-05-09 06:00:01,professor,human,hypothetical_example,home
-122.3555699,47.75979201,2025-05-09 06:15:01,professor,human,hypothetical_example,home
-122.3268375,47.73805675,2025-05-09 06:30:01,professor,human,hypothetical_example,home
-122.3221674,47.66142305,2025-05-09 06:45:01,professor,human,hypothetical_example,home
-122.3204591,47.67880717,2025-05-09 07:00:01,professor,human,hypothetical_example,home
-122.3292366,47.69531965,2025-05-09 07:15:01,professor,human,hypothetical_example,to office
-122.3134605,47.66122424,2025-05-09 07:30:01,professor,human,hypothetical_example,to office
-122.3208653,47.67887714,2025-05-09 07:45:01,professor,human,hypothetical_example,to office
-122.3100553,47.65233829,2025-05-09 08:00:01,professor,human,hypothetical_example,office
-122.3099671,47.65237089,2025-05-09 08:15:01,professor,human,hypothetical_example,office
-122.3103334,47.65237591,2025-05-09 08:30:01,professor,human,hypothetical_example,office
-122.3100725,47.65209996,2025-05-09 08:45:01,professor,human,hypothetical_example,office
-122.3099204,47.65217215,2025-05-09 09:00:01,professor,human,hypothetical_example,office
-122.3099408,47.65224934,2025-05-09 09:15:01,professor,human,hypothetical_example,office
-122.3104063,47.65227581,2025-05-09 09:30:01,professor,human,hypothetical_example,office
-122.3101757,47.65228464,2025-05-09 09:45:01,professor,human,hypothetical_example,office
-122.3103262,47.65223203,2025-05-09 10:00:01,professor,human,hypothetical_example,office
-122.310274,47.65242579,2025-05-09 10:15:01,professor,human,hypothetical_example,office
-122.3101947,47.65221456,2025-05-09 10:30:01,professor,human,hypothetical_example,office
-122.3097466,47.65231604,2025-05-09 10:45:01,professor,human,hypothetical_example,office
-122.3097696,47.65224209,2025-05-09 11:00:01,professor,human,hypothetical_example,office
-122.3101134,47.65228261,2025-05-09 11:15:01,professor,human,hypothetical_example,office
-122.3105919,47.65239965,2025-05-09 11:30:01,professor,human,hypothetical_example,office
-122.3103975,47.65222609,2025-05-09 11:45:01,professor,human,hypothetical_example,office
-122.3101705,47.65226423,2025-05-09 12:00:01,professor,human,hypothetical_example,office
-122.3248871,47.59597545,2025-05-09 12:15:01,professor,human,hypothetical_example,lunch
-122.326404,47.60693958,2025-05-09 12:30:01,professor,human,hypothetical_example,lunch
-122.3273638,47.59913195,2025-05-09 12:45:01,professor,human,hypothetical_example,lunch
-122.3247121,47.59572612,2025-05-09 13:00:01,professor,human,hypothetical_example,lunch
-122.3283403,47.62099086,2025-05-09 13:15:01,professor,human,hypothetical_example,lunch
-122.3101584,47.65240614,2025-05-09 13:30:01,professor,human,hypothetical_example,office
-122.3100626,47.65226477,2025-05-09 13:45:01,professor,human,hypothetical_example,office
-122.3100159,47.65245486,2025-05-09 14:00:01,professor,human,hypothetical_example,office
-122.3099915,47.65248386,2025-05-09 14:15:01,professor,human,hypothetical_example,office
-122.3099375,47.65206161,2025-05-09 14:30:01,professor,human,hypothetical_example,office
-122.3098518,47.65223329,2025-05-09 14:45:01,professor,human,hypothetical_example,office
-122.3100863,47.65232494,2025-05-09 15:00:01,professor,human,hypothetical_example,office
-122.3100367,47.65237672,2025-05-09 15:15:01,professor,human,hypothetical_example,office
-122.3101413,47.65232399,2025-05-09 15:30:01,professor,human,hypothetical_example,office
-122.3101039,47.65236965,2025-05-09 15:45:01,professor,human,hypothetical_example,office
-122.3100195,47.65235336,2025-05-09 16:00:01,professor,human,hypothetical_example,office
-122.3098998,47.65222648,2025-05-09 16:15:01,professor,human,hypothetical_example,office
-122.3100033,47.65225128,2025-05-09 16:30:01,professor,human,hypothetical_example,office
-122.3099677,47.65223698,2025-05-09 16:45:01,professor,human,hypothetical_example,office
-122.3104031,47.65247427,2025-05-09 17:00:01,professor,human,hypothetical_example,office
-122.3106171,47.65230678,2025-05-09 17:15:01,professor,human,hypothetical_example,office
-122.3106048,47.65233374,2025-05-09 17:30:01,professor,human,hypothetical_example,office
-122.3223141,47.66158521,2025-05-09 17:45:01,professor,human,hypothetical_example,to home
-122.3294523,47.69525782,2025-05-09 18:00:01,professor,human,hypothetical_example,to home
-122.3456903,47.74760645,2025-05-09 18:15:01,professor,human,hypothetical_example,to home
-122.3554329,47.75988294,2025-05-09 18:30:01,professor,human,hypothetical_example,home
-122.3556871,47.75985311,2025-05-09 18:45:01,professor,human,hypothetical_example,home
-122.3555,47.75971464,2025-05-09 19:00:01,professor,human,hypothetical_example,home
-122.3556496,47.75978227,2025-05-09 19:15:01,professor,human,hypothetical_example,home
-122.3558606,47.75972569,2025-05-09 19:30:01,professor,human,hypothetical_example,home
-122.3556284,47.75979393,2025-05-09 19:45:01,professor,human,hypothetical_example,home
-122.3556165,47.7599893,2025-05-09 20:00:01,professor,human,hypothetical_example,home
-122.3556581,47.75974012,2025-05-09 20:15:01,professor,human,hypothetical_example,home
-122.3557288,47.75992014,2025-05-09 20:30:01,professor,human,hypothetical_example,home
-122.355599,47.75975381,2025-05-09 20:45:01,professor,human,hypothetical_example,home
-122.355719,47.75972045,2025-05-09 21:00:01,professor,human,hypothetical_example,home
-122.3554899,47.75971065,2025-05-09 21:15:01,professor,human,hypothetical_example,home
-122.3555314,47.75975365,2025-05-09 21:30:01,professor,human,hypothetical_example,home
-122.3554695,47.75989425,2025-05-09 21:45:01,professor,human,hypothetical_example,home
-122.3555297,47.75979512,2025-05-09 22:00:01,professor,human,hypothetical_example,home
-122.3556923,47.75972062,2025-05-09 22:15:01,professor,human,hypothetical_example,home
-122.355462,47.75977657,2025-05-09 22:30:01,professor,human,hypothetical_example,home
-122.355703,47.75979585,2025-05-09 22:45:01,professor,human,hypothetical_example,home
-122.3556391,47.75966105,2025-05-09 23:00:01,professor,human,hypothetical_example,home
-122.3555591,47.75987835,2025-05-09 23:15:01,professor,human,hypothetical_example,home
-122.355526,47.75987776,2025-05-09 23:30:01,professor,human,hypothetical_example,home
-122.355507,47.75968413,2025-05-09 23:45:01,professor,human,hypothetical_example,home
-122.3555617,47.75971547,2025-05-10 00:00:01,professor,human,hypothetical_example,home
-122.3557431,47.75964799,2025-05-10 00:15:01,professor,human,hypothetical_example,home
-122.3556291,47.75972061,2025-05-10 00:30:01,professor,human,hypothetical_example,home
-122.3556403,47.75962577,2025-05-10 00:45:01,professor,human,hypothetical_example,home
-122.3557015,47.75980902,2025-05-10 01:00:01,professor,human,hypothetical_example,home
-122.3556667,47.75982263,2025-05-10 01:15:01,professor,human,hypothetical_example,home
-122.3556724,47.75977386,2025-05-10 01:30:01,professor,human,hypothetical_example,home
-122.3557733,47.75962617,2025-05-10 01:45:01,professor,human,hypothetical_example,home
-122.3555806,47.75999643,2025-05-10 02:00:01,professor,human,hypothetical_example,home
-122.3557926,47.75988879,2025-05-10 02:15:01,professor,human,hypothetical_example,home
-122.3556592,47.75993743,2025-05-10 02:30:01,professor,human,hypothetical_example,home
-122.3554358,47.75986038,2025-05-10 02:45:01,professor,human,hypothetical_example,home
-122.3554872,47.75967313,2025-05-10 03:00:01,professor,human,hypothetical_example,home
-122.3555627,47.75974296,2025-05-10 03:15:01,professor,human,hypothetical_example,home
-122.3558008,47.75985488,2025-05-10 03:30:01,professor,human,hypothetical_example,home
-122.3554773,47.7597809,2025-05-10 03:45:01,professor,human,hypothetical_example,home
-122.3556022,47.75966116,2025-05-10 04:00:01,professor,human,hypothetical_example,home
-122.3556636,47.75988167,2025-05-10 04:15:01,professor,human,hypothetical_example,home
-122.3557059,47.75992124,2025-05-10 04:30:01,professor,human,hypothetical_example,home
-122.355692,47.75985606,2025-05-10 04:45:01,professor,human,hypothetical_example,home
-122.3555772,47.75987571,2025-05-10 05:00:01,professor,human,hypothetical_example,home
-122.3557095,47.75964586,2025-05-10 05:15:01,professor,human,hypothetical_example,home
-122.1159014,47.7957369,2025-05-10 05:30:01,professor,human,hypothetical_example,to cabin
-121.7876583,47.86674539,2025-05-10 05:45:01,professor,human,hypothetical_example,to cabin
-121.4614874,47.75489132,2025-05-10 06:00:01,professor,human,hypothetical_example,to cabin
-121.1797326,47.71518045,2025-05-10 06:15:01,professor,human,hypothetical_example,to cabin
-121.0886903,47.74611174,2025-05-10 06:30:01,professor,human,hypothetical_example,to cabin
-121.0774511,47.76586812,2025-05-10 06:45:01,professor,human,hypothetical_example,to cabin
-121.0872719,47.77380968,2025-05-10 07:00:01,professor,human,hypothetical_example,cabin
-121.0873404,47.77381334,2025-05-10 07:15:01,professor,human,hypothetical_example,cabin
-121.0873127,47.77391,2025-05-10 07:30:01,professor,human,hypothetical_example,cabin
-121.0870044,47.77377335,2025-05-10 07:45:01,professor,human,hypothetical_example,cabin
-121.0870588,47.77382445,2025-05-10 08:00:01,professor,human,hypothetical_example,cabin
-121.087087,47.77384689,2025-05-10 08:15:01,professor,human,hypothetical_example,cabin
-121.087209,47.77397447,2025-05-10 08:30:01,professor,human,hypothetical_example,cabin
-121.0872179,47.77385908,2025-05-10 08:45:01,professor,human,hypothetical_example,cabin
-121.0874347,47.7739912,2025-05-10 09:00:01,professor,human,hypothetical_example,cabin
-121.0871659,47.7738736,2025-05-10 09:15:01,professor,human,hypothetical_example,cabin
-121.0913651,47.77197592,2025-05-10 09:30:01,professor,human,hypothetical_example,hike out
-121.0913591,47.7718217,2025-05-10 09:45:01,professor,human,hypothetical_example,hike out
-121.0946228,47.77040118,2025-05-10 10:00:01,professor,human,hypothetical_example,hike out
-121.0974538,47.77413273,2025-05-10 10:15:01,professor,human,hypothetical_example,hike out
-121.0981987,47.7745354,2025-05-10 10:30:01,professor,human,hypothetical_example,hike out
-121.1012314,47.77553972,2025-05-10 10:45:01,professor,human,hypothetical_example,hike out
-121.1021631,47.77577893,2025-05-10 11:00:01,professor,human,hypothetical_example,hike out
-121.0982227,47.77450646,2025-05-10 11:15:01,professor,human,hypothetical_example,hike back
-121.0977533,47.77410593,2025-05-10 11:30:01,professor,human,hypothetical_example,hike back
-121.0947857,47.77052105,2025-05-10 11:45:01,professor,human,hypothetical_example,hike back
-121.0914874,47.77183859,2025-05-10 12:00:01,professor,human,hypothetical_example,hike back
-121.0911248,47.77188994,2025-05-10 12:15:01,professor,human,hypothetical_example,hike back
-121.0873138,47.7738099,2025-05-10 12:30:01,professor,human,hypothetical_example,cabin
-121.0915156,47.77208176,2025-05-10 12:45:01,professor,human,hypothetical_example,hike out
-121.0946021,47.77045484,2025-05-10 13:00:01,professor,human,hypothetical_example,hike out
-121.098204,47.77448433,2025-05-10 13:15:01,professor,human,hypothetical_example,hike out
-121.1010587,47.77548505,2025-05-10 13:30:01,professor,human,hypothetical_example,hike out
-121.1068895,47.77531448,2025-05-10 13:45:01,professor,human,hypothetical_example,hike out
-121.1087762,47.77495654,2025-05-10 14:00:01,professor,human,hypothetical_example,hike out
-121.111526,47.77673267,2025-05-10 14:15:01,professor,human,hypothetical_example,hike out
-121.112389,47.77806076,2025-05-10 14:30:01,professor,human,hypothetical_example,hike out
-121.1134367,47.77956285,2025-05-10 14:45:01,professor,human,hypothetical_example,hike out
-121.1115908,47.77671774,2025-05-10 15:00:01,professor,human,hypothetical_example,hike back
-121.1106502,47.77479661,2025-05-10 15:15:01,professor,human,hypothetical_example,hike back
-121.1051031,47.77599463,2025-05-10 15:30:01,professor,human,hypothetical_example,hike back
-121.0981443,47.77447161,2025-05-10 15:45:01,professor,human,hypothetical_example,hike back
-121.0914707,47.77190221,2025-05-10 16:00:01,professor,human,hypothetical_example,hike back
-121.091358,47.77211266,2025-05-10 16:15:01,professor,human,hypothetical_example,hike back
-121.0872358,47.77389595,2025-05-10 16:30:01,professor,human,hypothetical_example,cabin
-121.0874584,47.77385061,2025-05-10 16:45:01,professor,human,hypothetical_example,cabin
-121.0872808,47.77395934,2025-05-10 17:00:01,professor,human,hypothetical_example,cabin
-121.0872105,47.77393525,2025-05-10 17:15:01,professor,human,hypothetical_example,cabin
-121.0872577,47.77379658,2025-05-10 17:30:01,professor,human,hypothetical_example,cabin
-121.087201,47.77399422,2025-05-10 17:45:01,professor,human,hypothetical_example,cabin
-121.0875009,47.77393879,2025-05-10 18:00:01,professor,human,hypothetical_example,cabin
-121.0872762,47.77390691,2025-05-10 18:15:01,professor,human,hypothetical_example,cabin
-121.0874095,47.77389115,2025-05-10 18:30:01,professor,human,hypothetical_example,cabin
-121.0873509,47.77389118,2025-05-10 18:45:01,professor,human,hypothetical_example,cabin
-121.0871624,47.7739847,2025-05-10 19:00:01,professor,human,hypothetical_example,cabin
-121.0872883,47.77384993,2025-05-10 19:15:01,professor,human,hypothetical_example,cabin
-121.0872681,47.77384395,2025-05-10 19:30:01,professor,human,hypothetical_example,cabin
-121.0872502,47.77407068,2025-05-10 19:45:01,professor,human,hypothetical_example,cabin
-121.0873594,47.77392401,2025-05-10 20:00:01,professor,human,hypothetical_example,cabin
-121.087269,47.77384895,2025-05-10 20:15:01,professor,human,hypothetical_example,cabin
-121.0870821,47.77394278,2025-05-10 20:30:01,professor,human,hypothetical_example,cabin
-121.0872389,47.77378765,2025-05-10 20:45:01,professor,human,hypothetical_example,cabin
-121.0873635,47.77398063,2025-05-10 21:00:01,professor,human,hypothetical_example,cabin
-121.0873563,47.77387239,2025-05-10 21:15:01,professor,human,hypothetical_example,cabin
-121.0871875,47.773682,2025-05-10 21:30:01,professor,human,hypothetical_example,cabin
-121.0869816,47.77390864,2025-05-10 21:45:01,professor,human,hypothetical_example,cabin
-121.0872275,47.77381129,2025-05-10 22:00:01,professor,human,hypothetical_example,cabin
-121.0872561,47.77397237,2025-05-10 22:15:01,professor,human,hypothetical_example,cabin
-121.0873199,47.77392106,2025-05-10 22:30:01,professor,human,hypothetical_example,cabin
-121.0875616,47.77382098,2025-05-10 22:45:01,professor,human,hypothetical_example,cabin
-121.0872753,47.77387844,2025-05-10 23:00:01,professor,human,hypothetical_example,cabin
-121.0870852,47.77393735,2025-05-10 23:15:01,professor,human,hypothetical_example,cabin
-121.0873622,47.77391317,2025-05-10 23:30:01,professor,human,hypothetical_example,cabin
-121.0870946,47.77379665,2025-05-10 23:45:01,professor,human,hypothetical_example,cabin
-121.0870656,47.77380116,2025-05-11 00:00:01,professor,human,hypothetical_example,cabin
-121.0874008,47.77387903,2025-05-11 00:15:01,professor,human,hypothetical_example,cabin
-121.0874417,47.77404844,2025-05-11 00:30:01,professor,human,hypothetical_example,cabin
-121.0872861,47.77394274,2025-05-11 00:45:01,professor,human,hypothetical_example,cabin
-121.0874169,47.77389358,2025-05-11 01:00:01,professor,human,hypothetical_example,cabin
-121.0872426,47.7738383,2025-05-11 01:15:01,professor,human,hypothetical_example,cabin
-121.08714,47.77392602,2025-05-11 01:30:01,professor,human,hypothetical_example,cabin
-121.0872425,47.77391985,2025-05-11 01:45:01,professor,human,hypothetical_example,cabin
-121.08735,47.77391236,2025-05-11 02:00:01,professor,human,hypothetical_example,cabin
-121.0873317,47.77387521,2025-05-11 02:15:01,professor,human,hypothetical_example,cabin
-121.0871448,47.77396425,2025-05-11 02:30:01,professor,human,hypothetical_example,cabin
-121.087131,47.77389728,2025-05-11 02:45:01,professor,human,hypothetical_example,cabin
-121.0873972,47.77394129,2025-05-11 03:00:01,professor,human,hypothetical_example,cabin
-121.0872655,47.7737949,2025-05-11 03:15:01,professor,human,hypothetical_example,cabin
-121.0873627,47.77391374,2025-05-11 03:30:01,professor,human,hypothetical_example,cabin
-121.0874639,47.77400065,2025-05-11 03:45:01,professor,human,hypothetical_example,cabin
-121.0871061,47.77392668,2025-05-11 04:00:01,professor,human,hypothetical_example,cabin
-121.0873666,47.77382725,2025-05-11 04:15:01,professor,human,hypothetical_example,cabin
-121.087306,47.77391617,2025-05-11 04:30:01,professor,human,hypothetical_example,cabin
-121.0873689,47.77403841,2025-05-11 04:45:01,professor,human,hypothetical_example,cabin
-121.0874929,47.7739914,2025-05-11 05:00:01,professor,human,hypothetical_example,cabin
-121.0873299,47.77371915,2025-05-11 05:15:01,professor,human,hypothetical_example,cabin
-121.0872785,47.7739084,2025-05-11 05:30:01,professor,human,hypothetical_example,cabin
-121.0871321,47.77394608,2025-05-11 05:45:01,professor,human,hypothetical_example,cabin
-121.0871569,47.77393714,2025-05-11 06:00:01,professor,human,hypothetical_example,cabin
-121.0870847,47.77384941,2025-05-11 06:15:01,professor,human,hypothetical_example,cabin
-121.0872536,47.77389879,2025-05-11 06:30:01,professor,human,hypothetical_example,cabin
-121.0873691,47.77396601,2025-05-11 06:45:01,professor,human,hypothetical_example,cabin
-121.0948504,47.77051193,2025-05-11 07:00:01,professor,human,hypothetical_example,hike out
-121.10086,47.7754528,2025-05-11 07:15:01,professor,human,hypothetical_example,hike out
-121.1067551,47.77519134,2025-05-11 07:30:01,professor,human,hypothetical_example,hike out
-121.1115878,47.77668219,2025-05-11 07:45:01,professor,human,hypothetical_example,hike out
-121.1120464,47.77800325,2025-05-11 08:00:01,professor,human,hypothetical_example,hike out
-121.1118446,47.78136857,2025-05-11 08:15:01,professor,human,hypothetical_example,hike out
-121.1090747,47.78504123,2025-05-11 08:30:01,professor,human,hypothetical_example,hike out
-121.1049754,47.79215747,2025-05-11 08:45:01,professor,human,hypothetical_example,hike out
-121.1026979,47.79096627,2025-05-11 09:00:01,professor,human,hypothetical_example,hike out
-121.1028473,47.79118274,2025-05-11 09:15:01,professor,human,hypothetical_example,hike out
-121.1027144,47.7910287,2025-05-11 09:30:01,professor,human,hypothetical_example,hike back
-121.1037228,47.78865449,2025-05-11 09:45:01,professor,human,hypothetical_example,hike back
-121.1106898,47.78388137,2025-05-11 10:00:01,professor,human,hypothetical_example,hike back
-121.1146496,47.78121978,2025-05-11 10:15:01,professor,human,hypothetical_example,hike back
-121.1114701,47.77655354,2025-05-11 10:30:01,professor,human,hypothetical_example,hike back
-121.1068713,47.77514878,2025-05-11 10:45:01,professor,human,hypothetical_example,hike back
-121.1008908,47.77551675,2025-05-11 11:00:01,professor,human,hypothetical_example,hike back
-121.0981276,47.7744276,2025-05-11 11:15:01,professor,human,hypothetical_example,hike back
-121.0975803,47.77428758,2025-05-11 11:30:01,professor,human,hypothetical_example,hike back
-121.0947799,47.77054368,2025-05-11 11:45:01,professor,human,hypothetical_example,hike back
-121.0915635,47.77194373,2025-05-11 12:00:01,professor,human,hypothetical_example,hike back
-121.0873136,47.77393527,2025-05-11 12:15:01,professor,human,hypothetical_example,cabin
-121.0871392,47.77390681,2025-05-11 12:30:01,professor,human,hypothetical_example,cabin
-121.0873454,47.77394739,2025-05-11 12:45:01,professor,human,hypothetical_example,cabin
-121.0872056,47.77394367,2025-05-11 13:00:01,professor,human,hypothetical_example,cabin
-121.0874954,47.77395143,2025-05-11 13:15:01,professor,human,hypothetical_example,cabin
-121.0873257,47.77393149,2025-05-11 13:30:01,professor,human,hypothetical_example,cabin
-121.0871576,47.77398866,2025-05-11 13:45:01,professor,human,hypothetical_example,cabin
-121.0871733,47.77395034,2025-05-11 14:00:01,professor,human,hypothetical_example,cabin
-121.0872432,47.77395059,2025-05-11 14:15:01,professor,human,hypothetical_example,cabin
-121.0873569,47.77398535,2025-05-11 14:30:01,professor,human,hypothetical_example,cabin
-121.0872133,47.77395393,2025-05-11 14:45:01,professor,human,hypothetical_example,cabin
-121.0875384,47.77390262,2025-05-11 15:00:01,professor,human,hypothetical_example,cabin
-121.0873532,47.77375668,2025-05-11 15:15:01,professor,human,hypothetical_example,cabin
-121.0874401,47.77406593,2025-05-11 15:30:01,professor,human,hypothetical_example,cabin
-121.0872805,47.77388157,2025-05-11 15:45:01,professor,human,hypothetical_example,cabin
-121.0875152,47.77391454,2025-05-11 16:00:01,professor,human,hypothetical_example,cabin
-121.0870894,47.77385784,2025-05-11 16:15:01,professor,human,hypothetical_example,cabin
-121.0871642,47.77394742,2025-05-11 16:30:01,professor,human,hypothetical_example,cabin
-121.0872931,47.77375973,2025-05-11 16:45:01,professor,human,hypothetical_example,cabin
-121.0871131,47.7740254,2025-05-11 17:00:01,professor,human,hypothetical_example,cabin
-121.0871975,47.77380833,2025-05-11 17:15:01,professor,human,hypothetical_example,cabin
-121.0872229,47.77391761,2025-05-11 17:30:01,professor,human,hypothetical_example,cabin
-121.0873453,47.7740477,2025-05-11 17:45:01,professor,human,hypothetical_example,cabin
-121.0776391,47.75405147,2025-05-11 18:00:01,professor,human,hypothetical_example,from cabin
-121.311292,47.71084329,2025-05-11 18:15:01,professor,human,hypothetical_example,from cabin
-121.5564773,47.80834724,2025-05-11 18:30:01,professor,human,hypothetical_example,from cabin
-121.8349396,47.85736663,2025-05-11 18:45:01,professor,human,hypothetical_example,from cabin
-122.0506874,47.82985999,2025-05-11 19:00:01,professor,human,hypothetical_example,from cabin
-122.2240823,47.80993587,2025-05-11 19:15:01,professor,human,hypothetical_example,from cabin
-122.3558281,47.75986996,2025-05-11 19:30:01,professor,human,hypothetical_example,home
-122.3554625,47.75989294,2025-05-11 19:45:01,professor,human,hypothetical_example,home
-122.3555336,47.75960687,2025-05-11 20:00:01,professor,human,hypothetical_example,home
-122.3559149,47.75993189,2025-05-11 20:15:01,professor,human,hypothetical_example,home
-122.3556901,47.75971777,2025-05-11 20:30:01,professor,human,hypothetical_example,home
-122.3555644,47.75975554,2025-05-11 20:45:01,professor,human,hypothetical_example,home
-122.3556955,47.75976416,2025-05-11 21:00:01,professor,human,hypothetical_example,home
-122.3558063,47.75964965,2025-05-11 21:15:01,professor,human,hypothetical_example,home
-122.3557824,47.75978619,2025-05-11 21:30:01,professor,human,hypothetical_example,home
-122.3555341,47.75979943,2025-05-11 21:45:01,professor,human,hypothetical_example,home
-122.3556878,47.75985949,2025-05-11 22:00:01,professor,human,hypothetical_example,home
-122.3557292,47.75984341,2025-05-11 22:15:01,professor,human,hypothetical_example,home
-122.3557966,47.75979225,2025-05-11 22:30:01,professor,human,hypothetical_example,home
-122.3556473,47.75973631,2025-05-11 22:45:01,professor,human,hypothetical_example,home
-122.3557747,47.75970527,2025-05-11 23:00:01,professor,human,hypothetical_example,home
-122.355737,47.75975244,2025-05-11 23:15:01,professor,human,hypothetical_example,home
-122.3558395,47.75994145,2025-05-11 23:30:01,professor,human,hypothetical_example,home
-122.3555969,47.75977693,2025-05-11 23:45:01,professor,human,hypothetical_example,home
-122.3558328,47.75983375,2025-05-12 00:00:01,professor,human,hypothetical_example,home
